{"model_path": "models/res_model", "h": {"val_acc": [0.5208333333333334, 0.5520833333333334, 0.5694444444444444, 0.53125, 0.5590277777777778, 0.6111111111111112, 0.7118055555555556, 0.4930555555555556, 0.5104166666666666, 0.5555555555555556, 0.5659722222222222, 0.5590277777777778, 0.5694444444444444, 0.6215277777777778, 0.7048611111111112, 0.7118055555555556, 0.4618055555555556, 0.5798611111111112, 0.6423611111111112, 0.75, 0.7152777777777778, 0.7222222222222222, 0.5833333333333334, 0.8020833333333334, 0.6875, 0.6111111111111112, 0.7465277777777778, 0.7604166666666666, 0.6701388888888888, 0.625, 0.7465277777777778, 0.7708333333333334, 0.7847222222222222, 0.78125, 0.7881944444444444, 0.7951388888888888, 0.7916666666666666, 0.7881944444444444, 0.7881944444444444, 0.8125, 0.8090277777777778, 0.7986111111111112, 0.8090277777777778, 0.8125, 0.7916666666666666, 0.7916666666666666, 0.8263888888888888, 0.8020833333333334, 0.8020833333333334, 0.7847222222222222, 0.8263888888888888, 0.8090277777777778, 0.8125, 0.8090277777777778, 0.8020833333333334, 0.7569444444444444, 0.8159722222222222, 0.8159722222222222, 0.8020833333333334, 0.8263888888888888, 0.8159722222222222, 0.8159722222222222, 0.8090277777777778, 0.7986111111111112, 0.8020833333333334, 0.8055555555555556, 0.8125, 0.8090277777777778, 0.8020833333333334, 0.7916666666666666, 0.7951388888888888, 0.8159722222222222, 0.7951388888888888, 0.7847222222222222, 0.8159722222222222, 0.8020833333333334, 0.8125, 0.8194444444444444, 0.8229166666666666, 0.8229166666666666, 0.8263888888888888], "loss": [0.25105066849847957, 0.24893120837045657, 0.24691595700666688, 0.24730941836490986, 0.24776183725648027, 0.24302469135160512, 0.2267160369320978, 0.24405755275501728, 0.2500860676549703, 0.24970683165050162, 0.2490819277038707, 0.248715399658597, 0.2463001048067053, 0.24520954137058656, 0.23615525458915604, 0.1963282077121624, 0.25275287108188993, 0.24928774323374933, 0.24803679095896658, 0.24002610814267133, 0.21477318124677078, 0.20028964269327176, 0.24561225617706361, 0.19068571831814926, 0.1751474040428613, 0.18006670896802313, 0.1883401178566873, 0.2320814024821235, 0.20746302915836431, 0.2510735380815519, 0.2261233740505652, 0.19332833197443225, 0.1837436565459466, 0.14899544856941063, 0.12870775540024387, 0.13030742157224712, 0.12487097533977225, 0.11719103641548732, 0.11644383939955462, 0.10499552327906173, 0.10563214939182707, 0.08934611579934848, 0.08052866535991637, 0.0796197022888334, 0.073253835765364, 0.06923594496919495, 0.06000074484059263, 0.06374043297117658, 0.05246848723658829, 0.07795842662626519, 0.06793125373097418, 0.0454528781168353, 0.039509200255479444, 0.05362323194465615, 0.05240170699122887, 0.04697113256391544, 0.04096460810013271, 0.0407657524021969, 0.034895884255573946, 0.03038333618706589, 0.027886145184218468, 0.03050555462523292, 0.024636090788212356, 0.03078749478770865, 0.03061961680499452, 0.07904874845764442, 0.052358730130001314, 0.034508520743772905, 0.05938399414879782, 0.03193411764768741, 0.04621980220442443, 0.038321246611269885, 0.037982545023797006, 0.056717300930183616, 0.039878928899903306, 0.03244002240336135, 0.024013771999923387, 0.02141372871322108, 0.01951222573074765, 0.018532624771467922, 0.017161671719619173], "val_loss": [0.24758437110318077, 0.24473247759872013, 0.24441941579182944, 0.2477850102716022, 0.24347470038466984, 0.23010152081648508, 0.2262315551439921, 0.25052523778544533, 0.24715514977773032, 0.246962770819664, 0.2461493346426222, 0.24551469253169167, 0.2437645114130444, 0.22861466805140176, 0.21464818716049194, 0.20389923453330994, 0.2444903767771191, 0.24219532973236507, 0.2367681943707996, 0.20501579344272614, 0.20041451851526895, 0.19059347112973532, 0.2230447365178002, 0.159056199921502, 0.22154443131552803, 0.19800331526332432, 0.16031785309314728, 0.2079656289683448, 0.2178743150499132, 0.22694807251294455, 0.18907715214623344, 0.1600311431619856, 0.15409277296728557, 0.14750306804974875, 0.14427721169259813, 0.1337935452659925, 0.1373164960079723, 0.14058410376310349, 0.13626479274696773, 0.13024510112073687, 0.13036922034290102, 0.1447926585872968, 0.14687419475780594, 0.14224594293369186, 0.15532315936353472, 0.15567736162079704, 0.1292268153693941, 0.1559999394747946, 0.1463867881231838, 0.17383460990256733, 0.1289542205631733, 0.15171312085456318, 0.1556610916223791, 0.15345179537932077, 0.15018597576353285, 0.18952496349811554, 0.15886873172389138, 0.15355577857957947, 0.17261318034595913, 0.14653881722026402, 0.16178575530648232, 0.14981104392144415, 0.1602312098774645, 0.16459664329886436, 0.1758444787313541, 0.16797538929515415, 0.16207925230264664, 0.1733270924952295, 0.17599834025734, 0.16350222337577078, 0.1547186386047138, 0.16177956076959768, 0.17723150923848152, 0.1722492112053765, 0.15114037402802044, 0.1536816478603416, 0.14501979326208433, 0.14768143536316025, 0.15440052064756551, 0.15397728296617666, 0.15326605343984234], "acc": [0.5301624138228025, 0.5278422282079533, 0.5440835275118976, 0.5406032490896239, 0.5359628778599255, 0.5638051045466466, 0.6554524370246586, 0.6136890959573732, 0.4953596290468893, 0.5000000009680569, 0.4953596287703016, 0.5359628778599255, 0.5568445472872174, 0.570765661460341, 0.6113689092361734, 0.7331786548455187, 0.5997679824065719, 0.519721577795365, 0.5406032481215669, 0.5951276100705228, 0.6879350343879027, 0.7227378195786974, 0.5522041770255759, 0.7459396757271893, 0.773781902621351, 0.7285382826477635, 0.7076566125290024, 0.6299303953996114, 0.6809744787879997, 0.5475638059341714, 0.6380510447749959, 0.7285382829243512, 0.7331786551221064, 0.7923433870561162, 0.8283062640862786, 0.8294663580000539, 0.8433874715508551, 0.8445475643582797, 0.846867749973129, 0.8631090491387794, 0.8596287697484488, 0.8839907187043653, 0.9002320188380726, 0.9013921105391465, 0.9176334098430908, 0.9164733170356661, 0.9280742449716183, 0.9222737820408461, 0.9350348018161658, 0.9048723889614203, 0.9141531312825232, 0.9535962867349593, 0.9593967507720823, 0.9361948947618843, 0.9361948960065288, 0.9419953587990073, 0.9524361939275348, 0.9570765651572332, 0.9617169363869316, 0.9675174004240545, 0.9686774932314791, 0.9617169363869316, 0.9721577716537528, 0.9640371220017807, 0.9663573087229806, 0.9095127612974694, 0.9408352670979334, 0.9640371220017807, 0.9350348031991043, 0.9651972148092053, 0.9466357312733502, 0.9582366590710084, 0.9593967507720823, 0.9303944316928182, 0.9501160083126856, 0.9640371220017807, 0.974477958236659, 0.9779582366589327, 0.9802784222737819, 0.9814385150812065, 0.9825986078886311]}, "batch_size": 32}